{
  "dialect_scores": {
    "acm_Arab": 44.4106567644425,
    "acq_Arab": 46.889804589884136,
    "aeb_Arab": 32.31242127021704,
    "ajp_Arab": 44.74817095503754,
    "apc_Arab": 45.40573963480869,
    "arb_Arab": 46.97037999479934,
    "ars_Arab": 46.1414821017794,
    "ary_Arab": 39.627217837099465,
    "arz_Arab": 47.85494867017701,
    "standard_Bn": 43.29652300996329,
    "yue_Hant": 24.05175346453683,
    "zho_Hans": 33.55490291476295,
    "zho_Hant": 20.777780271727345,
    "tur_Latn": 41.95235713483929,
    "azb_Arab": 32.9577835127235,
    "azj_Latn": 41.84345534032151,
    "ltg_Latn": 37.559106220631854,
    "lvs_Latn": 42.69610277909414,
    "ckb_Arab": 41.339142329448194,
    "kmr_Latn": 42.36193968272998,
    "nno_Latn": 39.80941970893037,
    "nob_Latn": 58.5818110461349,
    "nso_Latn": 41.90789483302503,
    "sot_Latn": 44.41351354807178
  },
  "global_bleu": 40.984678165096355
}