{
  "dialect_scores": {
    "acm_Arab": 41.038943958347325,
    "acq_Arab": 41.968944768904194,
    "aeb_Arab": 35.83689913802935,
    "ajp_Arab": 41.93231536911067,
    "apc_Arab": 43.425992352612376,
    "arb_Arab": 44.674312402376,
    "ars_Arab": 39.72895324825357,
    "ary_Arab": 38.86427754157626,
    "arz_Arab": 40.823577691512746,
    "standard_Bn": 41.84510520525176,
    "yue_Hant": 28.204658115034263,
    "zho_Hans": 36.61382267991089,
    "zho_Hant": 32.52838905170137,
    "tur_Latn": 41.87937193544105,
    "azb_Arab": 31.808378397302565,
    "azj_Latn": 40.25398310703719,
    "ltg_Latn": 40.044438095082974,
    "lvs_Latn": 42.36134302041418,
    "ckb_Arab": 38.46256614558369,
    "kmr_Latn": 38.93269826850241,
    "nno_Latn": 46.348236941732715,
    "nob_Latn": 53.45425578212466,
    "nso_Latn": 40.91707299969952,
    "sot_Latn": 43.337851591435644
  },
  "global_bleu": 40.26628871787928
}